datetime,reasoning time
09-Oct-2026-19-47-39,1.173356
09-Oct-2026-19-47-41,0.914169
09-Oct-2026-19-47-42,0.942891
09-Oct-2026-19-47-44,0.992052
09-Oct-2026-19-47-45,0.860941
09-Oct-2026-19-47-47,0.92038
09-Oct-2026-19-47-48,0.92263
09-Oct-2026-19-47-50,0.897615
09-Oct-2026-19-47-51,0.961646
09-Oct-2026-19-47-53,0.91247
09-Oct-2026-19-47-54,0.90313
09-Oct-2026-19-47-56,0.90556
09-Oct-2026-19-47-57,0.897645
09-Oct-2026-19-47-59,0.87904
09-Oct-2026-19-48-00,0.87896
09-Oct-2026-19-48-02,0.955921
09-Oct-2026-19-48-03,0.889508
09-Oct-2026-19-48-05,0.89759
09-Oct-2026-19-48-06,0.964204
09-Oct-2026-19-48-08,0.883717
09-Oct-2026-19-48-09,0.890483
09-Oct-2026-19-48-11,0.887336
09-Oct-2026-19-48-12,0.934237
09-Oct-2026-19-48-14,0.897335
09-Oct-2026-19-48-15,0.921285
09-Oct-2026-19-48-17,1.092787
09-Oct-2026-19-48-18,0.956996
09-Oct-2026-19-48-20,0.915852
09-Oct-2026-19-48-21,1.053482
09-Oct-2026-19-48-23,1.190235
09-Oct-2026-19-48-24,1.178717
09-Oct-2026-19-48-26,1.143454
09-Oct-2026-19-48-27,1.191269
09-Oct-2026-19-48-29,1.105806
09-Oct-2026-19-48-30,0.98257
09-Oct-2026-19-48-32,1.01703
09-Oct-2026-19-48-33,0.985169
09-Oct-2026-19-48-35,0.967063
09-Oct-2026-19-48-36,0.928878
09-Oct-2026-19-48-38,1.04318
09-Oct-2026-19-48-39,0.91051
09-Oct-2026-19-48-41,0.927975
09-Oct-2026-19-48-42,0.948337
09-Oct-2026-19-48-44,0.999083
09-Oct-2026-19-48-45,0.909238
09-Oct-2026-19-48-47,0.959941
09-Oct-2026-19-48-48,0.959676
09-Oct-2026-19-48-50,0.882227
09-Oct-2026-19-48-51,0.911308
09-Oct-2026-19-48-53,0.947319
09-Oct-2026-19-48-54,0.965919
09-Oct-2026-19-48-56,0.952443
09-Oct-2026-19-48-57,0.876129
09-Oct-2026-19-48-59,0.917868
09-Oct-2026-19-49-00,0.892122
09-Oct-2026-19-49-02,0.982872
09-Oct-2026-19-49-03,1.019813
09-Oct-2026-19-49-05,0.886457
09-Oct-2026-19-49-06,0.908543
09-Oct-2026-19-49-08,0.884255
09-Oct-2026-19-49-09,0.89603
09-Oct-2026-19-49-11,0.874307
09-Oct-2026-19-49-12,0.886151
09-Oct-2026-19-49-14,1.004087
09-Oct-2026-19-49-15,0.877686
09-Oct-2026-19-49-17,0.95259
09-Oct-2026-19-49-18,0.888739
09-Oct-2026-19-49-20,0.89951
09-Oct-2026-19-49-21,0.888258
09-Oct-2026-19-49-23,0.881411
09-Oct-2026-19-49-24,0.988656
09-Oct-2026-19-49-26,0.904045
09-Oct-2026-19-49-27,0.897803
09-Oct-2026-19-49-29,0.952196
09-Oct-2026-19-49-30,0.87458
09-Oct-2026-19-49-32,0.880603
09-Oct-2026-19-49-33,0.944254
09-Oct-2026-19-49-35,0.935186
09-Oct-2026-19-49-36,0.905992
09-Oct-2026-19-49-38,0.89558
09-Oct-2026-19-49-39,0.986232
09-Oct-2026-19-49-41,0.897978
09-Oct-2026-19-49-42,1.151557
09-Oct-2026-19-49-44,1.017915
09-Oct-2026-19-49-45,1.134607
09-Oct-2026-19-49-47,1.020365
09-Oct-2026-19-49-48,1.123241
09-Oct-2026-19-49-50,1.009899
09-Oct-2026-19-49-51,1.027986
09-Oct-2026-19-49-53,1.071508
09-Oct-2026-19-49-54,0.979598
09-Oct-2026-19-49-56,0.999534
09-Oct-2026-19-49-57,1.03732
09-Oct-2026-19-49-59,0.957015
09-Oct-2026-19-50-00,1.002184
09-Oct-2026-19-50-02,0.910929
09-Oct-2026-19-50-03,0.937118
09-Oct-2026-19-50-05,0.958939
09-Oct-2026-19-50-06,0.927753
09-Oct-2026-19-50-08,0.906914
09-Oct-2026-19-50-09,0.909639
09-Oct-2026-19-50-11,1.004042
09-Oct-2026-19-50-12,0.974968
09-Oct-2026-19-50-14,0.922859
09-Oct-2026-19-50-15,0.98105
09-Oct-2026-19-50-17,0.962396
09-Oct-2026-19-50-18,0.896627
09-Oct-2026-19-50-20,0.893
09-Oct-2026-19-50-21,0.950824
09-Oct-2026-19-50-23,0.924322
09-Oct-2026-19-50-24,0.903133
09-Oct-2026-19-50-26,0.988052
09-Oct-2026-19-50-27,0.931389
09-Oct-2026-19-50-29,0.945316
09-Oct-2026-19-50-30,0.899917
09-Oct-2026-19-50-32,0.925757
09-Oct-2026-19-50-33,0.901149
09-Oct-2026-19-50-35,0.912072
09-Oct-2026-19-50-36,1.031271
09-Oct-2026-19-50-38,0.900891
09-Oct-2026-19-50-39,0.910252
09-Oct-2026-19-50-41,0.92164
09-Oct-2026-19-50-42,0.915169
09-Oct-2026-19-50-44,0.912307
09-Oct-2026-19-50-45,0.906833
09-Oct-2026-19-50-47,1.033697
09-Oct-2026-19-50-48,0.914983
09-Oct-2026-19-50-50,0.906095
09-Oct-2026-19-50-51,0.996997
09-Oct-2026-19-50-53,0.981495
09-Oct-2026-19-50-54,0.930504
09-Oct-2026-19-50-56,0.914057
09-Oct-2026-19-50-57,1.014777
09-Oct-2026-19-50-59,0.929933
09-Oct-2026-19-51-00,0.915829
09-Oct-2026-19-51-02,0.978383
09-Oct-2026-19-51-03,0.90544
09-Oct-2026-19-51-05,0.918574
09-Oct-2026-19-51-06,0.930795
09-Oct-2026-19-51-08,0.918318
09-Oct-2026-19-51-09,0.898199
09-Oct-2026-19-51-11,0.907971
09-Oct-2026-19-51-12,0.998111
09-Oct-2026-19-51-14,0.915848
09-Oct-2026-19-51-15,0.901428
09-Oct-2026-19-51-17,1.009017
09-Oct-2026-19-51-18,0.91624
09-Oct-2026-19-51-20,0.912849
09-Oct-2026-19-51-21,0.900887
09-Oct-2026-19-51-23,1.009264
09-Oct-2026-19-51-24,0.896244
09-Oct-2026-19-51-26,0.910038
09-Oct-2026-19-51-27,0.977531
09-Oct-2026-19-51-29,0.939644
09-Oct-2026-19-51-30,0.913016
09-Oct-2026-19-51-32,0.911646
09-Oct-2026-19-51-33,0.975905
09-Oct-2026-19-51-35,0.896616
09-Oct-2026-19-51-36,0.904942
09-Oct-2026-19-51-38,0.992725
09-Oct-2026-19-51-39,0.898541
09-Oct-2026-19-51-41,0.90469
09-Oct-2026-19-51-42,0.883806
09-Oct-2026-19-51-44,0.944769
09-Oct-2026-19-51-45,0.904843
09-Oct-2026-19-51-47,0.924107
09-Oct-2026-19-51-48,1.008834
09-Oct-2026-19-51-50,0.896467
09-Oct-2026-19-51-51,0.903045
09-Oct-2026-19-51-53,0.885938
09-Oct-2026-19-51-54,0.904423
09-Oct-2026-19-51-56,0.882368
09-Oct-2026-19-51-57,0.896859
09-Oct-2026-19-51-59,1.020589
09-Oct-2026-19-52-00,0.919799
09-Oct-2026-19-52-02,0.926947
09-Oct-2026-19-52-03,0.956932
09-Oct-2026-19-52-05,0.920403
09-Oct-2026-19-52-06,0.913422
09-Oct-2026-19-52-08,0.904367
09-Oct-2026-19-52-09,1.020578
09-Oct-2026-19-52-11,0.915985
09-Oct-2026-19-52-12,0.924082
09-Oct-2026-19-52-14,0.987953
09-Oct-2026-19-52-15,0.901969
09-Oct-2026-19-52-17,0.960055
09-Oct-2026-19-52-18,0.931892
09-Oct-2026-19-52-20,0.967629
09-Oct-2026-19-52-21,1.00605
09-Oct-2026-19-52-23,0.948317
09-Oct-2026-19-52-24,1.014703
09-Oct-2026-19-52-26,0.915964
09-Oct-2026-19-52-27,0.915066
09-Oct-2026-19-52-29,0.932017
09-Oct-2026-19-52-30,0.929681
09-Oct-2026-19-52-32,0.921614
09-Oct-2026-19-52-33,0.928498
09-Oct-2026-19-52-35,1.005982
09-Oct-2026-19-52-36,0.925554
09-Oct-2026-19-52-38,0.901793
09-Oct-2026-19-52-39,1.135535
